Country,Year,Population Density
Afghanistan,2000,29.96
Albania,2000,110.69
Algeria,2000,12.92
American Samoa,2000,292.61
Andorra,2000,141.23
Angola,2000,13.15
Anguilla,2000,121.4
Antigua and Barbuda,2000,169.81
Argentina,2000,13.33
Armenia,2000,106.53
Aruba,2000,495.01
Australia,2000,2.47
Austria,2000,95.51
Azerbaijan,2000,94.58
Bahamas,2000,23.31
Bahrain,2000,929.99
Bangladesh,2000,875.47
Barbados,2000,615.48
Belarus,2000,49.41
Belgium,2000,336.23
Belize,2000,10.47
Benin,2000,62.14
Bermuda,2000,1136.5
Bhutan,2000,15.29
Bolivia,2000,7.82
Bosnia and Herzegovina,2000,81.61
Botswana,2000,2.97
Brazil,2000,20.65
British Virgin Islands,2000,133.14
Brunei,2000,57.92
Bulgaria,2000,73.03
Burkina Faso,2000,43.53
Burundi,2000,226.62
Cambodia,2000,66.94
Cameroon,2000,31.74
Canada,2000,3.07
Cape Verde,2000,113.63
Cayman Islands,2000,150.22
Central African Republic,2000,6.03
Chad,2000,6.43
Chile,2000,20.3
China,2000,130.23
Colombia,2000,34.35
Comoros,2000,288.27
Cook Islands,2000,67.36
Costa Rica,2000,77.87
Croatia,2000,80.37
Cuba,2000,101.07
Curacao,2000,318.52
Cyprus,2000,102.5
Czech Republic,2000,129.78
Denmark,2000,123.93
Djibouti,2000,31.98
Dominica,2000,91.01
Dominican Republic,2000,175.48
DR Congo,2000,20.73
Ecuador,2000,45.61
Egypt,2000,71.2
El Salvador,2000,283.18
Equatorial Guinea,2000,24.42
Eritrea,2000,20.35
Estonia,2000,30.89
Eswatini,2000,59.35
Ethiopia,2000,60.7
Falkland Islands,2000,0.25
Faroe Islands,2000,32.78
Fiji,2000,45.56
Finland,2000,15.3
France,2000,106.34
French Guiana,2000,1.97
French Polynesia,2000,60.22
Gabon,2000,4.76
Gambia,2000,134.49
Georgia,2000,61.19
Germany,2000,228.36
Ghana,2000,82.44
Gibraltar,2000,4623.5
Greece,2000,83.63
Greenland,2000,0.03
Grenada,2000,312.3
Guadeloupe,2000,260.48
Guam,2000,291.78
Guatemala,2000,107.78
Guernsey,2000,757.87
Guinea,2000,33.91
Guinea-Bissau,2000,34.07
Guyana,2000,3.53
Haiti,2000,301.27
Honduras,2000,59.18
Hong Kong,2000,6097.1
Hungary,2000,109.67
Iceland,2000,2.73
India,2000,322.31
Indonesia,2000,112.4
Iran,2000,39.77
Iraq,2000,56.19
Ireland,2000,53.63
Isle of Man,2000,132.1
Israel,2000,294.51
Italy,2000,189.05
Ivory Coast,2000,52.1
Jamaica,2000,237.67
Japan,2000,335.52
Jersey,2000,743.03
Jordan,2000,56.59
Kazakhstan,2000,5.59
Kenya,2000,53.16
Kiribati,2000,109.53
Kuwait,2000,108.59
Kyrgyzstan,2000,24.68
Laos,2000,22.93
Latvia,2000,37.06
Lebanon,2000,413.38
Lesotho,2000,65.84
Liberia,2000,26
Libya,2000,2.93
Liechtenstein,2000,206.41
Lithuania,2000,55.12
Luxembourg,2000,168.46
Macau,2000,14396.53
Madagascar,2000,27.62
Malawi,2000,94.78
Malaysia,2000,69.36
Maldives,2000,941.69
Mali,2000,9.06
Malta,2000,1263.33
Marshall Islands,2000,299.58
Martinique,2000,383.46
Mauritania,2000,2.61
Mauritius,2000,596.04
Mayotte,2000,425.71
Mexico,2000,49.82
Micronesia,2000,159.13
Moldova,2000,125.62
Monaco,2000,16232.5
Mongolia,2000,1.57
Montenegro,2000,45.85
Montserrat,2000,50.37
Morocco,2000,63.94
Mozambique,2000,22.17
Myanmar,2000,67.31
Namibia,2000,2.2
Nauru,2000,494.14
Nepal,2000,166.87
Netherlands,2000,379.91
New Caledonia,2000,11.93
New Zealand,2000,14.25
Nicaragua,2000,39.3
Niger,2000,9.17
Nigeria,2000,132.99
Niue,2000,7.98
North Korea,2000,193.86
North Macedonia,2000,79.26
Northern Mariana Islands,2000,173.14
Norway,2000,13.87
Oman,2000,7.57
Pakistan,2000,175.04
Palau,2000,42.98
Palestine,2000,504.82
Panama,2000,39.8
Papua New Guinea,2000,11.9
Paraguay,2000,12.6
Peru,2000,20.74
Philippines,2000,227.71
Poland,2000,123.14
Portugal,2000,111.85
Puerto Rico,2000,431.47
Qatar,2000,55.75
Republic of the Congo,2000,9.16
Reunion,2000,312.79
Romania,2000,91.95
Russia,2000,8.59
Rwanda,2000,307.92
Saint Barthelemy,2000,337.24
Saint Kitts and Nevis,2000,174.18
Saint Lucia,2000,258.93
Saint Martin,2000,558.68
Saint Pierre and Miquelon,2000,25.93
Saint Vincent and the Grenadines,2000,292.58
Samoa,2000,64.75
San Marino,2000,439.72
Sao Tome and Principe,2000,149.08
Saudi Arabia,2000,10.02
Senegal,2000,49.33
Serbia,2000,89.8
Seychelles,2000,177.12
Sierra Leone,2000,63.9
Singapore,2000,5709.3
Sint Maarten,2000,896.74
Slovakia,2000,109.65
Slovenia,2000,97.88
Solomon Islands,2000,14.88
Somalia,2000,13.68
South Africa,2000,38.34
South Korea,2000,466.91
South Sudan,2000,9.87
Spain,2000,80.52
Sri Lanka,2000,286.18
Sudan,2000,13.94
Suriname,2000,2.92
Sweden,2000,19.7
Switzerland,2000,173.97
Syria,2000,88.06
Taiwan,2000,613.23
Tajikistan,2000,43.84
Tanzania,2000,36.47
Thailand,2000,122.91
Timor-Leste,2000,59.05
Togo,2000,88.19
Tokelau,2000,138.83
Tonga,2000,137.35
Trinidad and Tobago,2000,259.69
Tunisia,2000,60.47
Turkey,2000,81.82
Turkmenistan,2000,9.36
Turks and Caicos Islands,2000,19.77
Tuvalu,2000,370.69
Uganda,2000,99.44
Ukraine,2000,80.99
United Arab Emirates,2000,39.18
United Kingdom,2000,242.28
United States,2000,30.13
United States Virgin Islands,2000,311.77
Uruguay,2000,18.19
Uzbekistan,2000,55.71
Vanuatu,2000,15.76
Vatican City,2000,651
Venezuela,2000,26.65
Vietnam,2000,238.52
Wallis and Futuna,2000,103.68
Western Sahara,2000,1.02
Yemen,2000,35.28
Zambia,2000,13.14
Zimbabwe,2000,30.29
Afghanistan,2010,59.75
Albania,2010,99.72
Algeria,2010,18.24
American Samoa,2010,232.11
Andorra,2010,166.03
Angola,2010,26.81
Anguilla,2010,171.26
Antigua and Barbuda,2010,209.65
Argentina,2010,16.2
Armenia,2010,94.33
Aruba,2010,592.14
Australia,2010,3.34
Austria,2010,106.21
Azerbaijan,2010,118.76
Bahamas,2010,29.15
Bahrain,2010,1931.33
Bangladesh,2010,1134.52
Barbados,2010,652.77
Belarus,2010,46.41
Belgium,2010,378.73
Belize,2010,17.2
Benin,2010,112.26
Bermuda,2010,1185.76
Bhutan,2010,20.12
Bolivia,2010,10.87
Bosnia and Herzegovina,2010,64.8
Botswana,2010,4.38
Brazil,2010,25.04
British Virgin Islands,2010,204.7
Brunei,2010,76.62
Bulgaria,2010,62.94
Burkina Faso,2010,78.85
Burundi,2010,439.04
Cambodia,2010,90.57
Cameroon,2010,55.72
Canada,2010,3.79
Cape Verde,2010,144.47
Cayman Islands,2010,254.97
Central African Republic,2010,8.58
Chad,2010,12.96
Chile,2010,25.53
China,2010,146.79
Colombia,2010,44.61
Comoros,2010,432.96
Cook Islands,2010,72.16
Costa Rica,2010,100.26
Croatia,2010,72.39
Cuba,2010,102.84
Curacao,2010,426.32
Cyprus,2010,133.77
Czech Republic,2010,133.53
Denmark,2010,135.18
Djibouti,2010,46.99
Dominica,2010,95.87
Dominican Republic,2010,226
DR Congo,2010,39.6
Ecuador,2010,63.53
Egypt,2010,107.2
El Salvador,2010,299.07
Equatorial Guinea,2010,56.9
Eritrea,2010,30.24
Estonia,2010,29.39
Eswatini,2010,67.99
Ethiopia,2010,106.12
Falkland Islands,2010,0.31
Faroe Islands,2010,37.63
Fiji,2010,50.37
Finland,2010,16.34
France,2010,116.88
French Guiana,2010,3.48
French Polynesia,2010,72.46
Gabon,2010,8.56
Gambia,2010,240.81
Georgia,2010,54.03
Germany,2010,233.34
Ghana,2010,134.91
Gibraltar,2010,5451.5
Greece,2010,79.64
Greenland,2010,0.03
Grenada,2010,359.49
Guadeloupe,2010,243.02
Guam,2010,308.25
Guatemala,2010,159.45
Guernsey,2010,805.05
Guinea,2010,53.71
Guinea-Bissau,2010,55.8
Guyana,2010,3.71
Haiti,2010,407.45
Honduras,2010,89.98
Hong Kong,2010,6794.35
Hungary,2010,104.81
Iceland,2010,3.56
India,2010,424.74
Indonesia,2010,142.74
Iran,2010,52.96
Iraq,2010,97.09
Ireland,2010,70.38
Isle of Man,2010,146.93
Israel,2010,421.64
Italy,2010,197.46
Ivory Coast,2010,83.15
Jamaica,2010,256.61
Japan,2010,331.4
Jersey,2010,933.78
Jordan,2010,122.32
Kazakhstan,2010,6.97
Kenya,2010,89.57
Kiribati,2010,155.93
Kuwait,2010,244.72
Kyrgyzstan,2010,32.13
Laos,2010,30.91
Latvia,2010,29.38
Lebanon,2010,541.8
Lesotho,2010,74.26
Liberia,2010,45.68
Libya,2010,3.78
Liechtenstein,2010,242.23
Lithuania,2010,43.19
Luxembourg,2010,243.77
Macau,2010,22542.77
Madagascar,2010,48.08
Malawi,2010,163.54
Malaysia,2010,100.36
Maldives,2010,1714.79
Mali,2010,17.11
Malta,2010,1630.88
Marshall Islands,2010,239.85
Martinique,2010,328.36
Mauritania,2010,4.36
Mauritius,2010,636.19
Mayotte,2010,817.08
Mexico,2010,64.14
Micronesia,2010,159.7
Moldova,2010,91.14
Monaco,2010,18461
Mongolia,2010,2.11
Montenegro,2010,45.54
Montserrat,2010,44.12
Morocco,2010,82.16
Mozambique,2010,38.9
Myanmar,2010,78.96
Namibia,2010,3.01
Nauru,2010,586.43
Nepal,2010,199.4
Netherlands,2010,416.6
New Caledonia,2010,15.42
New Zealand,2010,18.71
Nicaragua,2010,51.82
Niger,2010,19.21
Nigeria,2010,225.52
Niue,2010,7.47
North Korea,2010,214.6
North Macedonia,2010,82.1
Northern Mariana Islands,2010,106.87
Norway,2010,16.61
Oman,2010,14.68
Pakistan,2010,257.62
Palau,2010,39.15
Palestine,2010,806.98
Panama,2010,56.94
Papua New Guinea,2010,21.06
Paraguay,2010,16.27
Peru,2010,25.91
Philippines,2010,327.71
Poland,2010,122.9
Portugal,2010,111.83
Puerto Rico,2010,368.83
Qatar,2010,238.25
Republic of the Congo,2010,16.67
Reunion,2010,381.45
Romania,2010,81.56
Russia,2010,8.52
Rwanda,2010,499.14
Saint Barthelemy,2010,508.62
Saint Kitts and Nevis,2010,182.54
Saint Lucia,2010,290.97
Saint Martin,2010,614.19
Saint Pierre and Miquelon,2010,24.4
Saint Vincent and the Grenadines,2010,268.98
Samoa,2010,75.63
San Marino,2010,557.49
Sao Tome and Principe,2010,226.81
Saudi Arabia,2010,16.75
Senegal,2010,83.55
Serbia,2010,83.27
Seychelles,2010,233.47
Sierra Leone,2010,114.78
Singapore,2010,8323.76
Sint Maarten,2010,1282.97
Slovakia,2010,111.28
Slovenia,2010,104.46
Solomon Islands,2010,23.92
Somalia,2010,25.93
South Africa,2010,48.16
South Korea,2010,517.36
South Sudan,2010,17.11
Spain,2010,93.61
Sri Lanka,2010,330.97
Sudan,2010,23.56
Suriname,2010,3.71
Sweden,2010,23.03
Switzerland,2010,209.25
Syria,2010,112.18
Taiwan,2010,658.18
Tajikistan,2010,66.69
Tanzania,2010,65.29
Thailand,2010,139.3
Timor-Leste,2010,87.4
Togo,2010,148.68
Tokelau,2010,152.25
Tonga,2010,140.9
Trinidad and Tobago,2010,295.94
Tunisia,2010,74.33
Turkey,2010,107.38
Turkmenistan,2010,12.81
Turks and Caicos Islands,2010,46.7
Tuvalu,2010,425.73
Uganda,2010,183.83
Ukraine,2010,72.76
United Arab Emirates,2010,111.09
United Kingdom,2010,276.08
United States,2010,35.84
United States Virgin Islands,2010,289.46
Uruguay,2010,18.94
Uzbekistan,2010,74.94
Vanuatu,2010,25.57
Vatican City,2010,520
Venezuela,2010,31.09
Vietnam,2010,291.8
Wallis and Futuna,2010,82.08
Western Sahara,2010,2.09
Yemen,2010,61.15
Zambia,2010,25.15
Zimbabwe,2010,40.1
Afghanistan,2015,51.75
Albania,2015,100.27
Algeria,2015,16.6
American Samoa,2015,258.13
Andorra,2015,153.3
Angola,2015,22.56
Anguilla,2015,159.62
Antigua and Barbuda,2015,203.49
Argentina,2015,15.56
Armenia,2015,96.78
Aruba,2015,579.21
Australia,2015,3.1
Austria,2015,103.04
Azerbaijan,2015,113.9
Bahamas,2015,28.16
Bahrain,2015,1780.58
Bangladesh,2015,1069.53
Barbados,2015,646.7
Belarus,2015,46.73
Belgium,2015,368.46
Belize,2015,15.67
Benin,2015,97.08
Bermuda,2015,1169.33
Bhutan,2015,19.36
Bolivia,2015,10.09
Bosnia and Herzegovina,2015,68.82
Botswana,2015,3.96
Brazil,2015,24.1
British Virgin Islands,2015,194.48
Brunei,2015,73.1
Bulgaria,2015,65.92
Burkina Faso,2015,68.57
Burundi,2015,385.4
Cambodia,2015,85.16
Cameroon,2015,48.4
Canada,2015,3.58
Cape Verde,2015,136.91
Cayman Islands,2015,230.72
Central African Republic,2015,7.74
Chad,2015,11.01
Chile,2015,23.63
China,2015,143.58
Colombia,2015,41.27
Comoros,2015,392.17
Cook Islands,2015,74.98
Costa Rica,2015,95.8
Croatia,2015,75.18
Cuba,2015,103.2
Curacao,2015,381.92
Cyprus,2015,128.34
Czech Republic,2015,133.44
Denmark,2015,131.75
Djibouti,2015,43.37
Dominica,2015,93.22
Dominican Republic,2015,213.8
DR Congo,2015,33.54
Ecuador,2015,58.5
Egypt,2015,97.48
El Salvador,2015,296.14
Equatorial Guinea,2015,48.02
Eritrea,2015,28.4
Estonia,2015,29.07
Eswatini,2015,65.3
Ethiopia,2015,92.79
Falkland Islands,2015,0.28
Faroe Islands,2015,35.04
Fiji,2015,50.2
Finland,2015,16.19
France,2015,115.66
French Guiana,2015,3.08
French Polynesia,2015,70.02
Gabon,2015,7.58
Gambia,2015,210.79
Georgia,2015,54.11
Germany,2015,229.82
Ghana,2015,121.04
Gibraltar,2015,5420
Greece,2015,81.87
Greenland,2015,0.03
Grenada,2015,345.87
Guadeloupe,2015,245.14
Guam,2015,305.97
Guatemala,2015,146.95
Guernsey,2015,790.12
Guinea,2015,47.29
Guinea-Bissau,2015,49.52
Guyana,2015,3.51
Haiti,2015,380.68
Honduras,2015,82.62
Hong Kong,2015,6702.75
Hungary,2015,105.82
Iceland,2015,3.21
India,2015,402.38
Indonesia,2015,136.04
Iran,2015,49.62
Iraq,2015,86.14
Ireland,2015,66.39
Isle of Man,2015,146.14
Israel,2015,385.55
Italy,2015,199.89
Ivory Coast,2015,73.18
Jamaica,2015,254.25
Japan,2015,336.71
Jersey,2015,866.91
Jordan,2015,106.27
Kazakhstan,2015,6.55
Kenya,2015,80.73
Kiribati,2015,143.91
Kuwait,2015,219.37
Kyrgyzstan,2015,29.58
Laos,2015,28.66
Latvia,2015,30.85
Lebanon,2015,612.22
Lesotho,2015,69.79
Liberia,2015,41.41
Libya,2015,3.52
Liechtenstein,2015,233.47
Lithuania,2015,45.39
Luxembourg,2015,220.19
Macau,2015,20507.97
Madagascar,2015,42.33
Malawi,2015,142.96
Malaysia,2015,93.92
Maldives,2015,1451.94
Mali,2015,14.6
Malta,2015,1444.87
Marshall Islands,2015,272.98
Martinique,2015,340
Mauritania,2015,3.83
Mauritius,2015,633.9
Mayotte,2015,667.23
Mexico,2015,61.16
Micronesia,2015,155.93
Moldova,2015,96.83
Monaco,2015,18380
Mongolia,2015,1.9
Montenegro,2015,45.9
Montserrat,2015,49.6
Morocco,2015,77.66
Mozambique,2015,33.49
Myanmar,2015,76.09
Namibia,2015,2.76
Nauru,2015,532.62
Nepal,2015,187.59
Netherlands,2015,407.19
New Caledonia,2015,15.24
New Zealand,2015,16.97
Nicaragua,2015,48.31
Niger,2015,15.89
Nigeria,2015,199.18
Niue,2015,7.1
North Korea,2015,209.54
North Macedonia,2015,81.98
Northern Mariana Islands,2015,111.02
Norway,2015,16.03
Oman,2015,13.54
Pakistan,2015,239.22
Palau,2015,38.77
Palestine,2015,721
Panama,2015,52.47
Papua New Guinea,2015,18.76
Paraguay,2015,15.19
Peru,2015,23.9
Philippines,2015,300.95
Poland,2015,123.3
Portugal,2015,112.56
Puerto Rico,2015,394.29
Qatar,2015,208.4
Republic of the Congo,2015,14.81
Reunion,2015,367.38
Romania,2015,83.5
Russia,2015,8.46
Rwanda,2015,442.06
Saint Barthelemy,2015,459.19
Saint Kitts and Nevis,2015,183.1
Saint Lucia,2015,285.1
Saint Martin,2015,660.75
Saint Pierre and Miquelon,2015,24.7
Saint Vincent and the Grenadines,2015,273.73
Samoa,2015,71.63
San Marino,2015,550.33
Sao Tome and Principe,2015,208.63
Saudi Arabia,2015,15.23
Senegal,2015,72.98
Serbia,2015,85.1
Seychelles,2015,219.56
Sierra Leone,2015,101.96
Singapore,2015,7957.77
Sint Maarten,2015,1182.5
Slovakia,2015,110.62
Slovenia,2015,102.64
Solomon Islands,2015,21.2
Somalia,2015,21.59
South Africa,2015,45.76
South Korea,2015,508.88
South Sudan,2015,18.06
Spain,2015,91.76
Sri Lanka,2015,325.2
Sudan,2015,20.24
Suriname,2015,3.51
Sweden,2015,21.87
Switzerland,2015,200.6
Syria,2015,103.71
Taiwan,2015,649.63
Tajikistan,2015,59.57
Tanzania,2015,55.6
Thailand,2015,136.99
Timor-Leste,2015,81.07
Togo,2015,131.61
Tokelau,2015,121.17
Tonga,2015,142.06
Trinidad and Tobago,2015,284.63
Tunisia,2015,70.64
Turkey,2015,101.65
Turkmenistan,2015,11.81
Turks and Caicos Islands,2015,38.54
Tuvalu,2015,418.35
Uganda,2015,155.15
Ukraine,2015,74.54
United Arab Emirates,2015,106.66
United Kingdom,2015,268.52
United States,2015,34.63
United States Virgin Islands,2015,296.26
Uruguay,2015,18.8
Uzbekistan,2015,69.18
Vanuatu,2015,22.68
Vatican City,2015,564
Venezuela,2015,33.31
Vietnam,2015,278.35
Wallis and Futuna,2015,85.79
Western Sahara,2015,1.85
Yemen,2015,54.01
Zambia,2015,21.59
Zimbabwe,2015,36.22
Afghanistan,2020,59.75
Albania,2020,99.72
Algeria,2020,18.24
American Samoa,2020,232.11
Andorra,2020,166.03
Angola,2020,26.81
Anguilla,2020,171.26
Antigua and Barbuda,2020,209.65
Argentina,2020,16.2
Armenia,2020,94.33
Aruba,2020,592.14
Australia,2020,3.34
Austria,2020,106.21
Azerbaijan,2020,118.76
Bahamas,2020,29.15
Bahrain,2020,1931.33
Bangladesh,2020,1134.52
Barbados,2020,652.77
Belarus,2020,46.41
Belgium,2020,378.73
Belize,2020,17.2
Benin,2020,112.26
Bermuda,2020,1185.76
Bhutan,2020,20.12
Bolivia,2020,10.87
Bosnia and Herzegovina,2020,64.8
Botswana,2020,4.38
Brazil,2020,25.04
British Virgin Islands,2020,204.7
Brunei,2020,76.62
Bulgaria,2020,62.94
Burkina Faso,2020,78.85
Burundi,2020,439.04
Cambodia,2020,90.57
Cameroon,2020,55.72
Canada,2020,3.79
Cape Verde,2020,144.47
Cayman Islands,2020,254.97
Central African Republic,2020,8.58
Chad,2020,12.96
Chile,2020,25.53
China,2020,146.79
Colombia,2020,44.61
Comoros,2020,432.96
Cook Islands,2020,72.16
Costa Rica,2020,100.26
Croatia,2020,72.39
Cuba,2020,102.84
Curacao,2020,426.32
Cyprus,2020,133.77
Czech Republic,2020,133.53
Denmark,2020,135.18
Djibouti,2020,46.99
Dominica,2020,95.87
Dominican Republic,2020,226
DR Congo,2020,39.6
Ecuador,2020,63.53
Egypt,2020,107.2
El Salvador,2020,299.07
Equatorial Guinea,2020,56.9
Eritrea,2020,30.24
Estonia,2020,29.39
Eswatini,2020,67.99
Ethiopia,2020,106.12
Falkland Islands,2020,0.31
Faroe Islands,2020,37.63
Fiji,2020,50.37
Finland,2020,16.34
France,2020,116.88
French Guiana,2020,3.48
French Polynesia,2020,72.46
Gabon,2020,8.56
Gambia,2020,240.81
Georgia,2020,54.03
Germany,2020,233.34
Ghana,2020,134.91
Gibraltar,2020,5451.5
Greece,2020,79.64
Greenland,2020,0.03
Grenada,2020,359.49
Guadeloupe,2020,243.02
Guam,2020,308.25
Guatemala,2020,159.45
Guernsey,2020,805.05
Guinea,2020,53.71
Guinea-Bissau,2020,55.8
Guyana,2020,3.71
Haiti,2020,407.45
Honduras,2020,89.98
Hong Kong,2020,6794.35
Hungary,2020,104.81
Iceland,2020,3.56
India,2020,424.74
Indonesia,2020,142.74
Iran,2020,52.96
Iraq,2020,97.09
Ireland,2020,70.38
Isle of Man,2020,146.93
Israel,2020,421.64
Italy,2020,197.46
Ivory Coast,2020,83.15
Jamaica,2020,256.61
Japan,2020,331.4
Jersey,2020,933.78
Jordan,2020,122.32
Kazakhstan,2020,6.97
Kenya,2020,89.57
Kiribati,2020,155.93
Kuwait,2020,244.72
Kyrgyzstan,2020,32.13
Laos,2020,30.91
Latvia,2020,29.38
Lebanon,2020,541.8
Lesotho,2020,74.26
Liberia,2020,45.68
Libya,2020,3.78
Liechtenstein,2020,242.23
Lithuania,2020,43.19
Luxembourg,2020,243.77
Macau,2020,22542.77
Madagascar,2020,48.08
Malawi,2020,163.54
Malaysia,2020,100.36
Maldives,2020,1714.79
Mali,2020,17.11
Malta,2020,1630.88
Marshall Islands,2020,239.85
Martinique,2020,328.36
Mauritania,2020,4.36
Mauritius,2020,636.19
Mayotte,2020,817.08
Mexico,2020,64.14
Micronesia,2020,159.7
Moldova,2020,91.14
Monaco,2020,18461
Mongolia,2020,2.11
Montenegro,2020,45.54
Montserrat,2020,44.12
Morocco,2020,82.16
Mozambique,2020,38.9
Myanmar,2020,78.96
Namibia,2020,3.01
Nauru,2020,586.43
Nepal,2020,199.4
Netherlands,2020,416.6
New Caledonia,2020,15.42
New Zealand,2020,18.71
Nicaragua,2020,51.82
Niger,2020,19.21
Nigeria,2020,225.52
Niue,2020,7.47
North Korea,2020,214.6
North Macedonia,2020,82.1
Northern Mariana Islands,2020,106.87
Norway,2020,16.61
Oman,2020,14.68
Pakistan,2020,257.62
Palau,2020,39.15
Palestine,2020,806.98
Panama,2020,56.94
Papua New Guinea,2020,21.06
Paraguay,2020,16.27
Peru,2020,25.91
Philippines,2020,327.71
Poland,2020,122.9
Portugal,2020,111.83
Puerto Rico,2020,368.83
Qatar,2020,238.25
Republic of the Congo,2020,16.67
Reunion,2020,381.45
Romania,2020,81.56
Russia,2020,8.52
Rwanda,2020,499.14
Saint Barthelemy,2020,508.62
Saint Kitts and Nevis,2020,182.54
Saint Lucia,2020,290.97
Saint Martin,2020,614.19
Saint Pierre and Miquelon,2020,24.4
Saint Vincent and the Grenadines,2020,268.98
Samoa,2020,75.63
San Marino,2020,557.49
Sao Tome and Principe,2020,226.81
Saudi Arabia,2020,16.75
Senegal,2020,83.55
Serbia,2020,83.27
Seychelles,2020,233.47
Sierra Leone,2020,114.78
Singapore,2020,8323.76
Sint Maarten,2020,1282.97
Slovakia,2020,111.28
Slovenia,2020,104.46
Solomon Islands,2020,23.92
Somalia,2020,25.93
South Africa,2020,48.16
South Korea,2020,517.36
South Sudan,2020,17.11
Spain,2020,93.61
Sri Lanka,2020,330.97
Sudan,2020,23.56
Suriname,2020,3.71
Sweden,2020,23.03
Switzerland,2020,209.25
Syria,2020,112.18
Taiwan,2020,658.18
Tajikistan,2020,66.69
Tanzania,2020,65.29
Thailand,2020,139.3
Timor-Leste,2020,87.4
Togo,2020,148.68
Tokelau,2020,152.25
Tonga,2020,140.9
Trinidad and Tobago,2020,295.94
Tunisia,2020,74.33
Turkey,2020,107.38
Turkmenistan,2020,12.81
Turks and Caicos Islands,2020,46.7
Tuvalu,2020,425.73
Uganda,2020,183.83
Ukraine,2020,72.76
United Arab Emirates,2020,111.09
United Kingdom,2020,276.08
United States,2020,35.84
United States Virgin Islands,2020,289.46
Uruguay,2020,18.94
Uzbekistan,2020,74.94
Vanuatu,2020,25.57
Vatican City,2020,520
Venezuela,2020,31.09
Vietnam,2020,291.8
Wallis and Futuna,2020,82.08
Western Sahara,2020,2.09
Yemen,2020,61.15
Zambia,2020,25.15
Zimbabwe,2020,40.1
Afghanistan,2022,63.06
Albania,2022,98.87
Algeria,2022,18.85
American Samoa,2022,222.48
Andorra,2022,170.56
Angola,2022,28.55
Anguilla,2022,174.25
Antigua and Barbuda,2022,212.13
Argentina,2022,16.37
Armenia,2022,93.48
Aruba,2022,591.36
Australia,2022,3.4
Austria,2022,106.59
Azerbaijan,2022,119.61
Bahamas,2022,29.4
Bahrain,2022,1924.49
Bangladesh,2022,1160.04
Barbados,2022,654.97
Belarus,2022,45.93
Belgium,2022,381.81
Belize,2022,17.65
Benin,2022,118.56
Bermuda,2022,1188.59
Bhutan,2022,20.38
Bolivia,2022,11.13
Bosnia and Herzegovina,2022,63.14
Botswana,2022,4.52
Brazil,2022,25.28
British Virgin Islands,2022,207.32
Brunei,2022,77.88
Bulgaria,2022,61.17
Burkina Faso,2022,83.06
Burundi,2022,463.09
Cambodia,2022,92.62
Cameroon,2022,58.71
Canada,2022,3.85
Cape Verde,2022,147.07
Cayman Islands,2022,260.25
Central African Republic,2022,8.96
Chad,2022,13.8
Chile,2022,25.93
China,2022,146.89
Colombia,2022,45.43
Comoros,2022,449.4
Cook Islands,2022,72.08
Costa Rica,2022,101.39
Croatia,2022,71.22
Cuba,2022,102.04
Curacao,2022,430.55
Cyprus,2022,135.28
Czech Republic,2022,133.06
Denmark,2022,136.5
Djibouti,2022,48.31
Dominica,2022,96.85
Dominican Republic,2022,230.71
DR Congo,2022,42.22
Ecuador,2022,65.02
Egypt,2022,110.72
El Salvador,2022,301.15
Equatorial Guinea,2022,59.71
Eritrea,2022,31.33
Estonia,2022,29.32
Eswatini,2022,69.2
Ethiopia,2022,111.73
Falkland Islands,2022,0.31
Faroe Islands,2022,38.11
Fiji,2022,50.88
Finland,2022,16.37
France,2022,117.14
French Guiana,2022,3.65
French Polynesia,2022,73.5
Gabon,2022,8.93
Gambia,2022,253.16
Georgia,2022,53.72
Germany,2022,233.45
Ghana,2022,140.34
Gibraltar,2022,5441.5
Greece,2022,78.68
Greenland,2022,0.03
Grenada,2022,364.65
Guadeloupe,2022,243.09
Guam,2022,312.89
Guatemala,2022,163.87
Guernsey,2022,811.55
Guinea,2022,56.37
Guinea-Bissau,2022,58.29
Guyana,2022,3.76
Haiti,2022,417.48
Honduras,2022,92.74
Hong Kong,2022,6783.39
Hungary,2022,107.14
Iceland,2022,3.62
India,2022,431.07
Indonesia,2022,144.65
Iran,2022,53.73
Iraq,2022,101.52
Ireland,2022,71.48
Isle of Man,2022,147.76
Israel,2022,435.16
Italy,2022,195.92
Ivory Coast,2022,87.33
Jamaica,2022,257.24
Japan,2022,327.98
Jersey,2022,954.98
Jordan,2022,126.32
Kazakhstan,2022,7.12
Kenya,2022,93.09
Kiribati,2022,161.82
Kuwait,2022,239.58
Kyrgyzstan,2022,33.16
Laos,2022,31.8
Latvia,2022,28.67
Lebanon,2022,525.23
Lesotho,2022,75.96
Liberia,2022,47.61
Libya,2022,3.87
Liechtenstein,2022,245.79
Lithuania,2022,42.11
Luxembourg,2022,250.42
Macau,2022,23172.27
Madagascar,2022,50.44
Malawi,2022,172.22
Malaysia,2022,102.59
Maldives,2022,1745.96
Mali,2022,18.22
Malta,2022,1687.61
Marshall Islands,2022,229.66
Martinique,2022,325.8
Mauritania,2022,4.6
Mauritius,2022,636.99
Mayotte,2022,871.93
Mexico,2022,64.91
Micronesia,2022,162.63
Moldova,2022,96.7
Monaco,2022,18234.5
Mongolia,2022,2.17
Montenegro,2022,45.4
Montserrat,2022,43.04
Morocco,2022,83.88
Mozambique,2022,41.13
Myanmar,2022,80.08
Namibia,2022,3.11
Nauru,2022,603.24
Nepal,2022,207.55
Netherlands,2022,419.69
New Caledonia,2022,15.61
New Zealand,2022,19.17
Nicaragua,2022,53.3
Niger,2022,20.69
Nigeria,2022,236.58
Niue,2022,7.44
North Korea,2022,216.28
North Macedonia,2022,81.42
Northern Mariana Islands,2022,106.79
Norway,2022,16.78
Oman,2022,14.79
Pakistan,2022,267.4
Palau,2022,39.34
Palestine,2022,844.06
Panama,2022,58.46
Papua New Guinea,2022,21.91
Paraguay,2022,16.67
Peru,2022,26.49
Philippines,2022,337.54
Poland,2022,127.47
Portugal,2022,111.53
Puerto Rico,2022,366.67
Qatar,2022,232.62
Republic of the Congo,2022,17.46
Reunion,2022,387.91
Romania,2022,82.47
Russia,2022,8.46
Rwanda,2022,523.07
Saint Barthelemy,2022,522.24
Saint Kitts and Nevis,2022,182.59
Saint Lucia,2022,291.98
Saint Martin,2022,599.83
Saint Pierre and Miquelon,2022,24.22
Saint Vincent and the Grenadines,2022,267.22
Samoa,2022,78.25
San Marino,2022,551.8
Sao Tome and Principe,2022,235.87
Saudi Arabia,2022,16.94
Senegal,2022,88.02
Serbia,2022,81.73
Seychelles,2022,236.99
Sierra Leone,2022,119.96
Singapore,2022,8416.46
Sint Maarten,2022,1299.26
Slovakia,2022,115.09
Slovenia,2022,104.56
Solomon Islands,2022,25.06
Somalia,2022,27.6
South Africa,2022,49.05
South Korea,2022,517.07
South Sudan,2022,17.61
Spain,2022,93.99
Sri Lanka,2022,332.76
Sudan,2022,24.85
Suriname,2022,3.77
Sweden,2022,23.43
Switzerland,2022,211.72
Syria,2022,119.48
Taiwan,2022,660.17
Tajikistan,2022,69.55
Tanzania,2022,69.3
Thailand,2022,139.73
Timor-Leste,2022,90.18
Togo,2022,155.83
Tokelau,2022,155.92
Tonga,2022,143.05
Trinidad and Tobago,2022,298.45
Tunisia,2022,75.52
Turkey,2022,108.91
Turkmenistan,2022,13.18
Turks and Caicos Islands,2022,48.21
Tuvalu,2022,435.08
Uganda,2022,195.61
Ukraine,2022,65.79
United Arab Emirates,2022,112.93
United Kingdom,2022,277.93
United States,2022,36.09
United States Virgin Islands,2022,286.64
Uruguay,2022,18.91
Uzbekistan,2022,77.4
Vanuatu,2022,26.81
Vatican City,2022,510
Venezuela,2022,30.88
Vietnam,2022,296.45
Wallis and Futuna,2022,81.49
Western Sahara,2022,2.17
Yemen,2022,63.82
Zambia,2022,26.6
Zimbabwe,2022,41.77